{
  "config": {
    "variant_root": "/Users/doyoung/Documents/FallDetection/dataset/esp32_sequence_htltf_firstdiff_w64_s10_median11017_tol5000_nearest_ampmad3/first_difference/windows_64",
    "epochs": 20,
    "batch_size": 256,
    "learning_rate": 0.001,
    "weight_decay": 0.0001,
    "hidden_channels_1": 64,
    "hidden_channels_2": 128,
    "kernel_size_1": 5,
    "kernel_size_2": 3,
    "device": "mps",
    "seeds": [
      42,
      43,
      44
    ]
  },
  "per_seed": [
    {
      "seed": 42,
      "best_epoch": 20,
      "best_validation_accuracy": 0.8414221218961625,
      "best_validation_loss": 0.3930642661001558,
      "macro_f1": 0.8266672932559844,
      "confusion_matrix": [
        [
          487,
          152
        ],
        [
          129,
          1004
        ]
      ]
    },
    {
      "seed": 43,
      "best_epoch": 19,
      "best_validation_accuracy": 0.8318284424379232,
      "best_validation_loss": 0.4090330920289386,
      "macro_f1": 0.8172806493046328,
      "confusion_matrix": [
        [
          487,
          152
        ],
        [
          146,
          987
        ]
      ]
    },
    {
      "seed": 44,
      "best_epoch": 20,
      "best_validation_accuracy": 0.8481941309255079,
      "best_validation_loss": 0.3680911149249389,
      "macro_f1": 0.833829229682107,
      "confusion_matrix": [
        [
          491,
          148
        ],
        [
          121,
          1012
        ]
      ]
    }
  ],
  "accuracy": {
    "mean": 0.8404815650865312,
    "std": 0.008223285550938465
  },
  "macro_f1": {
    "mean": 0.8259257240809081,
    "std": 0.008299175968642823
  },
  "best_validation_loss": {
    "mean": 0.39006282435134443,
    "std": 0.02063535465468767
  },
  "best_epoch": {
    "mean": 19.666666666666668,
    "std": 0.5773502691896257
  }
}
