{
  "config": {
    "variant_root": "/Users/doyoung/Documents/FallDetection/dataset/esp32_sequence_lltfnorm_firstdiff_w64_s10_median11017_tol5000_nearest/first_difference/windows_64",
    "epochs": 20,
    "batch_size": 256,
    "learning_rate": 0.001,
    "weight_decay": 0.0001,
    "hidden_channels_1": 64,
    "hidden_channels_2": 128,
    "kernel_size_1": 5,
    "kernel_size_2": 3,
    "device": "mps",
    "seeds": [
      42,
      43,
      44
    ]
  },
  "per_seed": [
    {
      "seed": 42,
      "best_epoch": 16,
      "best_validation_accuracy": 0.8692052980132451,
      "best_validation_loss": 0.3328297601696145,
      "macro_f1": 0.8500929405337667,
      "confusion_matrix": [
        [
          464,
          176
        ],
        [
          61,
          1111
        ]
      ]
    },
    {
      "seed": 43,
      "best_epoch": 20,
      "best_validation_accuracy": 0.8664459161147903,
      "best_validation_loss": 0.3097817517167356,
      "macro_f1": 0.8496269685484901,
      "confusion_matrix": [
        [
          482,
          158
        ],
        [
          84,
          1088
        ]
      ]
    },
    {
      "seed": 44,
      "best_epoch": 17,
      "best_validation_accuracy": 0.8631346578366446,
      "best_validation_loss": 0.3172634808309623,
      "macro_f1": 0.846153635473512,
      "confusion_matrix": [
        [
          481,
          159
        ],
        [
          89,
          1083
        ]
      ]
    }
  ],
  "accuracy": {
    "mean": 0.86626195732156,
    "std": 0.003039498094528796
  },
  "macro_f1": {
    "mean": 0.8486245148519229,
    "std": 0.002152490685173348
  },
  "best_validation_loss": {
    "mean": 0.3199583309057708,
    "std": 0.011757947784595152
  },
  "best_epoch": {
    "mean": 17.666666666666668,
    "std": 2.0816659994661326
  }
}
