{
  "config": {
    "variant_root": "/Users/doyoung/Documents/FallDetection/dataset/esp32_sequence_htltf_firstdiff_w64_s10_median11017_tol2000_nearest/first_difference/windows_64",
    "epochs": 20,
    "batch_size": 256,
    "learning_rate": 0.001,
    "weight_decay": 0.0001,
    "hidden_channels_1": 64,
    "hidden_channels_2": 128,
    "kernel_size_1": 5,
    "kernel_size_2": 3,
    "device": "mps",
    "seeds": [
      42,
      43,
      44
    ]
  },
  "per_seed": [
    {
      "seed": 42,
      "best_epoch": 1,
      "best_validation_accuracy": 0.5833333333333334,
      "best_validation_loss": 0.6559507250785828,
      "macro_f1": 0.3684210526315789,
      "confusion_matrix": [
        [
          0,
          5
        ],
        [
          0,
          7
        ]
      ]
    },
    {
      "seed": 43,
      "best_epoch": 1,
      "best_validation_accuracy": 0.5833333333333334,
      "best_validation_loss": 0.657910168170929,
      "macro_f1": 0.3684210526315789,
      "confusion_matrix": [
        [
          0,
          5
        ],
        [
          0,
          7
        ]
      ]
    },
    {
      "seed": 44,
      "best_epoch": 1,
      "best_validation_accuracy": 0.5833333333333334,
      "best_validation_loss": 0.6655076146125793,
      "macro_f1": 0.3684210526315789,
      "confusion_matrix": [
        [
          0,
          5
        ],
        [
          0,
          7
        ]
      ]
    }
  ],
  "accuracy": {
    "mean": 0.5833333333333334,
    "std": 0.0
  },
  "macro_f1": {
    "mean": 0.3684210526315789,
    "std": 0.0
  },
  "best_validation_loss": {
    "mean": 0.659789502620697,
    "std": 0.00504801524084636
  },
  "best_epoch": {
    "mean": 1.0,
    "std": 0.0
  }
}
