{
  "config": {
    "variant_root": "/Users/doyoung/Documents/FallDetection/dataset/esp32_sequence_htltf_firstdiff_w64_s10_median11017_tol5000_miss3/first_difference/windows_64",
    "epochs": 20,
    "batch_size": 256,
    "learning_rate": 0.001,
    "weight_decay": 0.0001,
    "hidden_channels_1": 64,
    "hidden_channels_2": 128,
    "kernel_size_1": 5,
    "kernel_size_2": 3,
    "device": "mps",
    "seeds": [
      42,
      43,
      44
    ]
  },
  "per_seed": [
    {
      "seed": 42,
      "best_epoch": 18,
      "best_validation_accuracy": 0.8518057285180572,
      "best_validation_loss": 0.3709788440037387,
      "macro_f1": 0.8289852155976648,
      "confusion_matrix": [
        [
          586,
          262
        ],
        [
          95,
          1466
        ]
      ]
    },
    {
      "seed": 43,
      "best_epoch": 18,
      "best_validation_accuracy": 0.8555417185554172,
      "best_validation_loss": 0.3479657205909602,
      "macro_f1": 0.8284718846216172,
      "confusion_matrix": [
        [
          552,
          296
        ],
        [
          52,
          1509
        ]
      ]
    },
    {
      "seed": 44,
      "best_epoch": 16,
      "best_validation_accuracy": 0.8742216687422167,
      "best_validation_loss": 0.3427583021635631,
      "macro_f1": 0.8536066015986554,
      "confusion_matrix": [
        [
          601,
          247
        ],
        [
          56,
          1505
        ]
      ]
    }
  ],
  "accuracy": {
    "mean": 0.8605230386052304,
    "std": 0.012009527722282682
  },
  "macro_f1": {
    "mean": 0.8370212339393125,
    "std": 0.014365642779542664
  },
  "best_validation_loss": {
    "mean": 0.35390095558608736,
    "std": 0.015017323538960316
  },
  "best_epoch": {
    "mean": 17.333333333333332,
    "std": 1.1547005383792515
  }
}
