{
  "config": {
    "variant_root": "/Users/doyoung/Documents/FallDetection/dataset/esp32_date_sequence_htltf_rawamp_w64_s10_median11017_tol5000_nearest/raw_amplitude/windows_64",
    "epochs": 20,
    "batch_size": 256,
    "learning_rate": 0.001,
    "weight_decay": 0.0001,
    "hidden_channels_1": 64,
    "hidden_channels_2": 128,
    "kernel_size_1": 5,
    "kernel_size_2": 3,
    "device": "mps",
    "seeds": [
      42,
      43,
      44
    ]
  },
  "per_seed": [
    {
      "seed": 42,
      "best_epoch": 8,
      "best_validation_accuracy": 0.4793459552495697,
      "best_validation_loss": 1.6953241780990167,
      "macro_f1": 0.450781589960774,
      "confusion_matrix": [
        [
          146,
          263
        ],
        [
          342,
          411
        ]
      ]
    },
    {
      "seed": 43,
      "best_epoch": 2,
      "best_validation_accuracy": 0.4802065404475043,
      "best_validation_loss": 1.125651673277561,
      "macro_f1": 0.4749743414812221,
      "confusion_matrix": [
        [
          221,
          188
        ],
        [
          416,
          337
        ]
      ]
    },
    {
      "seed": 44,
      "best_epoch": 5,
      "best_validation_accuracy": 0.43717728055077454,
      "best_validation_loss": 1.6345476580979286,
      "macro_f1": 0.4342206749911405,
      "confusion_matrix": [
        [
          212,
          197
        ],
        [
          457,
          296
        ]
      ]
    }
  ],
  "accuracy": {
    "mean": 0.4655765920826162,
    "std": 0.024598289032627278
  },
  "macro_f1": {
    "mean": 0.4533255354777122,
    "std": 0.020495586773524258
  },
  "best_validation_loss": {
    "mean": 1.4851745031581687,
    "std": 0.3128353324832107
  },
  "best_epoch": {
    "mean": 5.0,
    "std": 3.0
  }
}
