{
  "config": {
    "variant_root": "/Users/doyoung/Documents/FallDetection/dataset/esp32_sequence_htltf_firstdiff_w64_s10_median11017_tol5000_nearest_ampmad5/first_difference/windows_64",
    "epochs": 20,
    "batch_size": 256,
    "learning_rate": 0.001,
    "weight_decay": 0.0001,
    "hidden_channels_1": 64,
    "hidden_channels_2": 128,
    "kernel_size_1": 5,
    "kernel_size_2": 3,
    "device": "mps",
    "seeds": [
      42,
      43,
      44
    ]
  },
  "per_seed": [
    {
      "seed": 42,
      "best_epoch": 18,
      "best_validation_accuracy": 0.8493377483443708,
      "best_validation_loss": 0.36530371980688164,
      "macro_f1": 0.838519701911253,
      "confusion_matrix": [
        [
          535,
          105
        ],
        [
          168,
          1004
        ]
      ]
    },
    {
      "seed": 43,
      "best_epoch": 19,
      "best_validation_accuracy": 0.8405077262693157,
      "best_validation_loss": 0.3656134041268831,
      "macro_f1": 0.8318571369399725,
      "confusion_matrix": [
        [
          556,
          84
        ],
        [
          205,
          967
        ]
      ]
    },
    {
      "seed": 44,
      "best_epoch": 18,
      "best_validation_accuracy": 0.8559602649006622,
      "best_validation_loss": 0.35823441481024487,
      "macro_f1": 0.8446460722489777,
      "confusion_matrix": [
        [
          531,
          109
        ],
        [
          152,
          1020
        ]
      ]
    }
  ],
  "accuracy": {
    "mean": 0.8486019131714496,
    "std": 0.007752504601068958
  },
  "macro_f1": {
    "mean": 0.8383409703667344,
    "std": 0.006396340774867628
  },
  "best_validation_loss": {
    "mean": 0.3630505129146699,
    "std": 0.004173736552311157
  },
  "best_epoch": {
    "mean": 18.333333333333332,
    "std": 0.5773502691896257
  }
}
