{
  "config": {
    "variant_root": "/Users/doyoung/Documents/FallDetection/dataset/esp32_sequence_htltf_ma10diff_w64_s10_tol4000/ma10_diff/windows_64",
    "epochs": 20,
    "batch_size": 256,
    "learning_rate": 0.001,
    "weight_decay": 0.0001,
    "hidden_channels_1": 64,
    "hidden_channels_2": 128,
    "kernel_size_1": 5,
    "kernel_size_2": 3,
    "device": "mps",
    "seeds": [
      42,
      43,
      44
    ]
  },
  "per_seed": [
    {
      "seed": 42,
      "best_epoch": 20,
      "best_validation_accuracy": 0.6695526695526696,
      "best_validation_loss": 0.6372599014945188,
      "macro_f1": 0.6354349249376874,
      "confusion_matrix": [
        [
          126,
          175
        ],
        [
          54,
          338
        ]
      ]
    },
    {
      "seed": 43,
      "best_epoch": 20,
      "best_validation_accuracy": 0.6551226551226551,
      "best_validation_loss": 0.6327100739549593,
      "macro_f1": 0.6277250199480788,
      "confusion_matrix": [
        [
          133,
          168
        ],
        [
          71,
          321
        ]
      ]
    },
    {
      "seed": 44,
      "best_epoch": 19,
      "best_validation_accuracy": 0.6810966810966811,
      "best_validation_loss": 0.5983395906323823,
      "macro_f1": 0.6719038203229268,
      "confusion_matrix": [
        [
          178,
          123
        ],
        [
          98,
          294
        ]
      ]
    }
  ],
  "accuracy": {
    "mean": 0.6685906685906686,
    "std": 0.013013707800354678
  },
  "macro_f1": {
    "mean": 0.6450212550695643,
    "std": 0.023597984970928486
  },
  "best_validation_loss": {
    "mean": 0.6227698553606201,
    "std": 0.021279182519043583
  },
  "best_epoch": {
    "mean": 19.666666666666668,
    "std": 0.5773502691896257
  },
  "mean_confusion_matrix": [
    [
      145.66666666666666,
      155.33333333333334
    ],
    [
      74.33333333333333,
      317.6666666666667
    ]
  ]
}
