{
  "config": {
    "variant_root": "/Users/doyoung/Documents/FallDetection/dataset/esp32_sequence_htltf_firstdiff_w64_s10_median11017_tol5000_miss1/first_difference/windows_64",
    "epochs": 20,
    "batch_size": 256,
    "learning_rate": 0.001,
    "weight_decay": 0.0001,
    "hidden_channels_1": 64,
    "hidden_channels_2": 128,
    "kernel_size_1": 5,
    "kernel_size_2": 3,
    "device": "mps",
    "seeds": [
      42,
      43,
      44
    ]
  },
  "per_seed": [
    {
      "seed": 42,
      "best_epoch": 20,
      "best_validation_accuracy": 0.8540925266903915,
      "best_validation_loss": 0.38762370584486217,
      "macro_f1": 0.844142316017316,
      "confusion_matrix": [
        [
          169,
          48
        ],
        [
          34,
          311
        ]
      ]
    },
    {
      "seed": 43,
      "best_epoch": 19,
      "best_validation_accuracy": 0.8523131672597865,
      "best_validation_loss": 0.38781258866880286,
      "macro_f1": 0.8463180714476334,
      "confusion_matrix": [
        [
          184,
          33
        ],
        [
          50,
          295
        ]
      ]
    },
    {
      "seed": 44,
      "best_epoch": 20,
      "best_validation_accuracy": 0.8113879003558719,
      "best_validation_loss": 0.4538474910730145,
      "macro_f1": 0.7903575450450451,
      "confusion_matrix": [
        [
          139,
          78
        ],
        [
          28,
          317
        ]
      ]
    }
  ],
  "accuracy": {
    "mean": 0.83926453143535,
    "std": 0.024158258427540068
  },
  "macro_f1": {
    "mean": 0.8269393108366648,
    "std": 0.03169941118140572
  },
  "best_validation_loss": {
    "mean": 0.4097612618622265,
    "std": 0.03817991125840782
  },
  "best_epoch": {
    "mean": 19.666666666666668,
    "std": 0.5773502691896257
  }
}
