{
  "config": {
    "variant_root": "/Users/doyoung/Documents/FallDetection/dataset/esp32_sequence_htltf_firstdiff_w64_s10_median11017_tol3000/first_difference/windows_64",
    "epochs": 20,
    "batch_size": 256,
    "learning_rate": 0.001,
    "weight_decay": 0.0001,
    "hidden_channels_1": 64,
    "hidden_channels_2": 128,
    "kernel_size_1": 5,
    "kernel_size_2": 3,
    "device": "mps",
    "seeds": [
      42,
      43,
      44
    ]
  },
  "per_seed": [
    {
      "seed": 42,
      "best_epoch": 17,
      "best_validation_accuracy": 0.5671641791044776,
      "best_validation_loss": 0.7527284622192383,
      "macro_f1": 0.4004114520829761,
      "confusion_matrix": [
        [
          4,
          84
        ],
        [
          3,
          110
        ]
      ]
    },
    {
      "seed": 43,
      "best_epoch": 17,
      "best_validation_accuracy": 0.5671641791044776,
      "best_validation_loss": 0.7492855191230774,
      "macro_f1": 0.382106639341366,
      "confusion_matrix": [
        [
          2,
          86
        ],
        [
          1,
          112
        ]
      ]
    },
    {
      "seed": 44,
      "best_epoch": 15,
      "best_validation_accuracy": 0.5671641791044776,
      "best_validation_loss": 0.7588387131690979,
      "macro_f1": 0.382106639341366,
      "confusion_matrix": [
        [
          2,
          86
        ],
        [
          1,
          112
        ]
      ]
    }
  ],
  "accuracy": {
    "mean": 0.5671641791044776,
    "std": 0.0
  },
  "macro_f1": {
    "mean": 0.38820824358856937,
    "std": 0.010568288563834289
  },
  "best_validation_loss": {
    "mean": 0.7536175648371378,
    "std": 0.004838259678758193
  },
  "best_epoch": {
    "mean": 16.333333333333332,
    "std": 1.1547005383792515
  }
}
