{
  "config": {
    "variant_root": "/Users/doyoung/Documents/FallDetection/dataset/esp32_sequence_phase_tdiff_w64_s10_tol4000/phase_temporal_diff/windows_64",
    "epochs": 20,
    "batch_size": 256,
    "learning_rate": 0.001,
    "weight_decay": 0.0001,
    "hidden_channels_1": 64,
    "hidden_channels_2": 128,
    "kernel_size_1": 5,
    "kernel_size_2": 3,
    "device": "mps",
    "seeds": [
      42,
      43,
      44
    ]
  },
  "per_seed": [
    {
      "seed": 42,
      "best_epoch": 9,
      "best_validation_accuracy": 0.6642487046632124,
      "best_validation_loss": 0.6282299456201069,
      "macro_f1": 0.6525598513606016,
      "confusion_matrix": [
        [
          232,
          172
        ],
        [
          152,
          409
        ]
      ]
    },
    {
      "seed": 43,
      "best_epoch": 12,
      "best_validation_accuracy": 0.655958549222798,
      "best_validation_loss": 0.6309079222728551,
      "macro_f1": 0.6416234887737479,
      "confusion_matrix": [
        [
          220,
          184
        ],
        [
          148,
          413
        ]
      ]
    },
    {
      "seed": 44,
      "best_epoch": 13,
      "best_validation_accuracy": 0.6715025906735751,
      "best_validation_loss": 0.6235211306903029,
      "macro_f1": 0.6619763287848032,
      "confusion_matrix": [
        [
          243,
          161
        ],
        [
          156,
          405
        ]
      ]
    }
  ],
  "accuracy": {
    "mean": 0.6639032815198618,
    "std": 0.007777775647114101
  },
  "macro_f1": {
    "mean": 0.6520532229730509,
    "std": 0.010185873962071572
  },
  "best_validation_loss": {
    "mean": 0.627552999527755,
    "std": 0.00373963427088517
  },
  "best_epoch": {
    "mean": 11.333333333333334,
    "std": 2.0816659994661326
  },
  "mean_confusion_matrix": [
    [
      231.66666666666666,
      172.33333333333334
    ],
    [
      152,
      409
    ]
  ]
}
