{
  "config": {
    "window_length": 100,
    "epochs": 20,
    "batch_size": 64,
    "learning_rate": 0.001,
    "weight_decay": 0.0001,
    "hidden_channels_1": 32,
    "hidden_channels_2": 64,
    "kernel_size_1": 3,
    "kernel_size_2": 3,
    "device": "mps",
    "seeds": [
      42,
      43,
      44
    ]
  },
  "per_seed": [
    {
      "seed": 42,
      "best_epoch": 3,
      "best_validation_accuracy": 0.49800796812749004,
      "best_validation_loss": 0.7522442401405349,
      "macro_f1": 0.3324468085106383,
      "confusion_matrix": [
        [
          0,
          126
        ],
        [
          0,
          125
        ]
      ]
    },
    {
      "seed": 43,
      "best_epoch": 11,
      "best_validation_accuracy": 0.49800796812749004,
      "best_validation_loss": 0.750820158131094,
      "macro_f1": 0.3324468085106383,
      "confusion_matrix": [
        [
          0,
          126
        ],
        [
          0,
          125
        ]
      ]
    },
    {
      "seed": 44,
      "best_epoch": 9,
      "best_validation_accuracy": 0.49800796812749004,
      "best_validation_loss": 0.7611583514042585,
      "macro_f1": 0.3324468085106383,
      "confusion_matrix": [
        [
          0,
          126
        ],
        [
          0,
          125
        ]
      ]
    }
  ],
  "accuracy": {
    "mean": 0.49800796812749004,
    "std": 0.0
  },
  "macro_f1": {
    "mean": 0.3324468085106383,
    "std": 0.0
  },
  "best_validation_loss": {
    "mean": 0.7547409165586292,
    "std": 0.005603088870509409
  },
  "best_epoch": {
    "mean": 7.666666666666667,
    "std": 4.163331998932265
  }
}
