{
  "config": {
    "variant_root": "/Users/doyoung/Documents/FallDetection/dataset/esp32_sequence_htltf_firstdiff_w64_s10_median11017_tol4000/first_difference/windows_64",
    "epochs": 20,
    "batch_size": 256,
    "learning_rate": 0.001,
    "weight_decay": 0.0001,
    "hidden_channels_1": 64,
    "hidden_channels_2": 128,
    "kernel_size_1": 5,
    "kernel_size_2": 3,
    "device": "mps",
    "seeds": [
      42,
      43,
      44
    ]
  },
  "per_seed": [
    {
      "seed": 42,
      "best_epoch": 20,
      "best_validation_accuracy": 0.7591240875912408,
      "best_validation_loss": 0.5127940066508382,
      "macro_f1": 0.744150592996303,
      "confusion_matrix": [
        [
          248,
          160
        ],
        [
          71,
          480
        ]
      ]
    },
    {
      "seed": 43,
      "best_epoch": 20,
      "best_validation_accuracy": 0.7737226277372263,
      "best_validation_loss": 0.5049153734173342,
      "macro_f1": 0.7724399314595891,
      "confusion_matrix": [
        [
          335,
          73
        ],
        [
          144,
          407
        ]
      ]
    },
    {
      "seed": 44,
      "best_epoch": 19,
      "best_validation_accuracy": 0.7549530761209593,
      "best_validation_loss": 0.5109045158244273,
      "macro_f1": 0.7455874467304491,
      "confusion_matrix": [
        [
          270,
          138
        ],
        [
          97,
          454
        ]
      ]
    }
  ],
  "accuracy": {
    "mean": 0.7625999304831421,
    "std": 0.009855715591767743
  },
  "macro_f1": {
    "mean": 0.7540593237287804,
    "std": 0.015934277284481116
  },
  "best_validation_loss": {
    "mean": 0.5095379652975333,
    "std": 0.004113248188954123
  },
  "best_epoch": {
    "mean": 19.666666666666668,
    "std": 0.5773502691896257
  }
}
