{
  "config": {
    "variant_root": "/Users/doyoung/Documents/FallDetection/dataset/esp32_sequence_htltf_ma20diff_w64_s10_tol4000/ma10_diff/windows_64",
    "epochs": 20,
    "batch_size": 256,
    "learning_rate": 0.001,
    "weight_decay": 0.0001,
    "hidden_channels_1": 64,
    "hidden_channels_2": 128,
    "kernel_size_1": 5,
    "kernel_size_2": 3,
    "device": "mps",
    "seeds": [
      42,
      43,
      44
    ]
  },
  "per_seed": [
    {
      "seed": 42,
      "best_epoch": 18,
      "best_validation_accuracy": 0.6307053941908713,
      "best_validation_loss": 0.7307956934717186,
      "macro_f1": 0.5796374326310632,
      "confusion_matrix": [
        [
          68,
          147
        ],
        [
          31,
          236
        ]
      ]
    },
    {
      "seed": 43,
      "best_epoch": 13,
      "best_validation_accuracy": 0.6327800829875518,
      "best_validation_loss": 0.7379407410305071,
      "macro_f1": 0.5853612305897792,
      "confusion_matrix": [
        [
          71,
          144
        ],
        [
          33,
          234
        ]
      ]
    },
    {
      "seed": 44,
      "best_epoch": 20,
      "best_validation_accuracy": 0.6348547717842323,
      "best_validation_loss": 0.7683420181274414,
      "macro_f1": 0.5979678495602062,
      "confusion_matrix": [
        [
          80,
          135
        ],
        [
          41,
          226
        ]
      ]
    }
  ],
  "accuracy": {
    "mean": 0.6327800829875518,
    "std": 0.0020746887966804906
  },
  "macro_f1": {
    "mean": 0.5876555042603495,
    "std": 0.009378102950792222
  },
  "best_validation_loss": {
    "mean": 0.7456928175432224,
    "std": 0.019937468281667023
  },
  "best_epoch": {
    "mean": 17.0,
    "std": 3.605551275463989
  },
  "mean_confusion_matrix": [
    [
      73,
      142
    ],
    [
      35,
      232
    ]
  ]
}
