{
  "config": {
    "variant_root": "/Users/doyoung/Documents/FallDetection/dataset/esp32_sequence_htltf_firstdiff_w64_s10_median11017_tol5000_nearest_ampmad4/first_difference/windows_64",
    "epochs": 20,
    "batch_size": 256,
    "learning_rate": 0.001,
    "weight_decay": 0.0001,
    "hidden_channels_1": 64,
    "hidden_channels_2": 128,
    "kernel_size_1": 5,
    "kernel_size_2": 3,
    "device": "mps",
    "seeds": [
      42,
      43,
      44
    ]
  },
  "per_seed": [
    {
      "seed": 42,
      "best_epoch": 20,
      "best_validation_accuracy": 0.8525676421866372,
      "best_validation_loss": 0.3706135394443536,
      "macro_f1": 0.8401903027558866,
      "confusion_matrix": [
        [
          520,
          120
        ],
        [
          147,
          1024
        ]
      ]
    },
    {
      "seed": 43,
      "best_epoch": 19,
      "best_validation_accuracy": 0.8575372722252899,
      "best_validation_loss": 0.3505913429867326,
      "macro_f1": 0.8427705929543264,
      "confusion_matrix": [
        [
          499,
          141
        ],
        [
          117,
          1054
        ]
      ]
    },
    {
      "seed": 44,
      "best_epoch": 20,
      "best_validation_accuracy": 0.8691330756488128,
      "best_validation_loss": 0.33481965901063726,
      "macro_f1": 0.8532377274102797,
      "confusion_matrix": [
        [
          489,
          151
        ],
        [
          86,
          1085
        ]
      ]
    }
  ],
  "accuracy": {
    "mean": 0.8597459966869133,
    "std": 0.008500720219956215
  },
  "macro_f1": {
    "mean": 0.8453995410401642,
    "std": 0.006909583819343902
  },
  "best_validation_loss": {
    "mean": 0.3520081804805745,
    "std": 0.017938953160336935
  },
  "best_epoch": {
    "mean": 19.666666666666668,
    "std": 0.5773502691896257
  }
}
