{
  "config": {
    "variant_root": "/Users/doyoung/Documents/FallDetection/dataset/esp32_sequence_htltf_firstdiff_w64_s10_adaptive_ema50_k3_rel018_abs4000/first_difference/windows_64",
    "epochs": 20,
    "batch_size": 256,
    "learning_rate": 0.001,
    "weight_decay": 0.0001,
    "hidden_channels_1": 64,
    "hidden_channels_2": 128,
    "kernel_size_1": 5,
    "kernel_size_2": 3,
    "device": "mps",
    "seeds": [
      42,
      43,
      44
    ]
  },
  "per_seed": [
    {
      "seed": 42,
      "best_epoch": 20,
      "best_validation_accuracy": 0.7188888888888889,
      "best_validation_loss": 0.5687320308552848,
      "macro_f1": 0.7075786821391832,
      "confusion_matrix": [
        [
          235,
          146
        ],
        [
          107,
          412
        ]
      ]
    },
    {
      "seed": 43,
      "best_epoch": 20,
      "best_validation_accuracy": 0.7255555555555555,
      "best_validation_loss": 0.6118750221199459,
      "macro_f1": 0.7255470847865675,
      "confusion_matrix": [
        [
          324,
          57
        ],
        [
          190,
          329
        ]
      ]
    },
    {
      "seed": 44,
      "best_epoch": 20,
      "best_validation_accuracy": 0.7377777777777778,
      "best_validation_loss": 0.5310256747404735,
      "macro_f1": 0.7308885239919722,
      "confusion_matrix": [
        [
          260,
          121
        ],
        [
          115,
          404
        ]
      ]
    }
  ],
  "accuracy": {
    "mean": 0.7274074074074074,
    "std": 0.009579642338057436
  },
  "macro_f1": {
    "mean": 0.7213380969725743,
    "std": 0.012211628294959951
  },
  "best_validation_loss": {
    "mean": 0.5705442425719014,
    "std": 0.040455127319056046
  },
  "best_epoch": {
    "mean": 20.0,
    "std": 0.0
  }
}
