{
  "config": {
    "variant_root": "/Users/doyoung/Documents/FallDetection/dataset/esp32_sequence_htltf_firstdiff_w64_s10_tol4000/first_difference/windows_64",
    "epochs": 20,
    "batch_size": 256,
    "learning_rate": 0.001,
    "weight_decay": 0.0001,
    "hidden_channels_1": 64,
    "hidden_channels_2": 128,
    "kernel_size_1": 5,
    "kernel_size_2": 3,
    "device": "mps",
    "seeds": [
      42,
      43,
      44
    ]
  },
  "per_seed": [
    {
      "seed": 42,
      "best_epoch": 20,
      "best_validation_accuracy": 0.7616580310880829,
      "best_validation_loss": 0.5127873440017354,
      "macro_f1": 0.7582244008714597,
      "confusion_matrix": [
        [
          310,
          94
        ],
        [
          136,
          425
        ]
      ]
    },
    {
      "seed": 43,
      "best_epoch": 20,
      "best_validation_accuracy": 0.7316062176165803,
      "best_validation_loss": 0.6008016399460135,
      "macro_f1": 0.7315773929386495,
      "confusion_matrix": [
        [
          358,
          46
        ],
        [
          213,
          348
        ]
      ]
    },
    {
      "seed": 44,
      "best_epoch": 20,
      "best_validation_accuracy": 0.7471502590673575,
      "best_validation_loss": 0.5193836702275153,
      "macro_f1": 0.7443497672156207,
      "confusion_matrix": [
        [
          310,
          94
        ],
        [
          150,
          411
        ]
      ]
    }
  ],
  "accuracy": {
    "mean": 0.7468048359240069,
    "std": 0.015028884226464343
  },
  "macro_f1": {
    "mean": 0.7447171870085767,
    "std": 0.013327303025031125
  },
  "best_validation_loss": {
    "mean": 0.5443242180584215,
    "std": 0.04902195699093448
  },
  "best_epoch": {
    "mean": 20.0,
    "std": 0.0
  },
  "mean_confusion_matrix": [
    [
      326,
      78
    ],
    [
      166.33333333333334,
      394.6666666666667
    ]
  ]
}
