{
  "config": {
    "variant_root": "/Users/doyoung/Documents/FallDetection/dataset/esp32_sequence_htltf_firstdiff_w64_s10_median11017_tol5000_nearest/first_difference/windows_64",
    "epochs": 20,
    "batch_size": 256,
    "learning_rate": 0.001,
    "weight_decay": 0.0001,
    "hidden_channels_1": 64,
    "hidden_channels_2": 128,
    "kernel_size_1": 5,
    "kernel_size_2": 3,
    "device": "mps",
    "seeds": [
      42,
      43,
      44
    ]
  },
  "per_seed": [
    {
      "seed": 42,
      "best_epoch": 20,
      "best_validation_accuracy": 0.8576158940397351,
      "best_validation_loss": 0.3518345521446359,
      "macro_f1": 0.8471569977519626,
      "confusion_matrix": [
        [
          540,
          100
        ],
        [
          158,
          1014
        ]
      ]
    },
    {
      "seed": 43,
      "best_epoch": 20,
      "best_validation_accuracy": 0.8504415011037527,
      "best_validation_loss": 0.34955925359565426,
      "macro_f1": 0.8392051090031347,
      "confusion_matrix": [
        [
          531,
          109
        ],
        [
          162,
          1010
        ]
      ]
    },
    {
      "seed": 44,
      "best_epoch": 20,
      "best_validation_accuracy": 0.8719646799116998,
      "best_validation_loss": 0.3265951752794236,
      "macro_f1": 0.8575726529085557,
      "confusion_matrix": [
        [
          502,
          138
        ],
        [
          94,
          1078
        ]
      ]
    }
  ],
  "accuracy": {
    "mean": 0.8600073583517293,
    "std": 0.010959066231498534
  },
  "macro_f1": {
    "mean": 0.8479782532212177,
    "std": 0.009211270959467404
  },
  "best_validation_loss": {
    "mean": 0.34266299367323794,
    "std": 0.013961566417282752
  },
  "best_epoch": {
    "mean": 20.0,
    "std": 0.0
  }
}
