{
  "first_difference": {
    "accuracy": {
      "mean": 0.7468048359240069,
      "std": 0.015028884226464343
    },
    "macro_f1": {
      "mean": 0.7447171870085767,
      "std": 0.013327303025031125
    },
    "best_validation_loss": {
      "mean": 0.5443242180584215,
      "std": 0.04902195699093448
    },
    "best_epoch": {
      "mean": 20.0,
      "std": 0.0
    },
    "mean_confusion_matrix": [
      [
        326,
        78
      ],
      [
        166.33333333333334,
        394.6666666666667
      ]
    ]
  },
  "rolling_std5": {
    "accuracy": {
      "mean": 0.7278250303766707,
      "std": 0.007290400972053468
    },
    "macro_f1": {
      "mean": 0.7070103426966783,
      "std": 0.012945679492451236
    },
    "best_validation_loss": {
      "mean": 0.5574233743308188,
      "std": 0.01971675551017084
    },
    "best_epoch": {
      "mean": 15.0,
      "std": 1.7320508075688772
    },
    "mean_confusion_matrix": [
      [
        191,
        158
      ],
      [
        66,
        408
      ]
    ]
  },
  "ma5": {
    "config": {
      "variant_root": "/Users/doyoung/Documents/FallDetection/dataset/esp32_sequence_htltf_ma5diff_w64_s10_tol4000/ma10_diff/windows_64",
      "epochs": 20,
      "batch_size": 256,
      "learning_rate": 0.001,
      "weight_decay": 0.0001,
      "hidden_channels_1": 64,
      "hidden_channels_2": 128,
      "kernel_size_1": 5,
      "kernel_size_2": 3,
      "device": "mps",
      "seeds": [
        42,
        43,
        44
      ]
    },
    "per_seed": [
      {
        "seed": 42,
        "best_epoch": 17,
        "best_validation_accuracy": 0.7387606318347509,
        "best_validation_loss": 0.5297886667318217,
        "macro_f1": 0.7302721135099457,
        "confusion_matrix": [
          [
            231,
            118
          ],
          [
            97,
            377
          ]
        ]
      },
      {
        "seed": 43,
        "best_epoch": 15,
        "best_validation_accuracy": 0.7047387606318347,
        "best_validation_loss": 0.6045530587977946,
        "macro_f1": 0.7008360596146855,
        "confusion_matrix": [
          [
            243,
            106
          ],
          [
            137,
            337
          ]
        ]
      },
      {
        "seed": 44,
        "best_epoch": 20,
        "best_validation_accuracy": 0.7533414337788579,
        "best_validation_loss": 0.5249971118761296,
        "macro_f1": 0.7476119905793916,
        "confusion_matrix": [
          [
            248,
            101
          ],
          [
            102,
            372
          ]
        ]
      }
    ],
    "accuracy": {
      "mean": 0.7322802754151478,
      "std": 0.024940954748223047
    },
    "macro_f1": {
      "mean": 0.7262400545680077,
      "std": 0.023647199704979555
    },
    "best_validation_loss": {
      "mean": 0.5531129458019153,
      "std": 0.04461281955061125
    },
    "best_epoch": {
      "mean": 17.333333333333332,
      "std": 2.516611478423583
    },
    "mean_confusion_matrix": [
      [
        240.66666666666666,
        108.33333333333333
      ],
      [
        112,
        362
      ]
    ]
  },
  "raw_amplitude_baseline": {
    "per_seed": [
      {
        "seed": 42,
        "best_epoch": 20,
        "best_validation_accuracy": 0.6939182452642074,
        "best_validation_loss": 0.6235244937040514,
        "macro_f1": 0.6939133771308548,
        "confusion_matrix": [
          [
            346,
            76
          ],
          [
            231,
            350
          ]
        ]
      },
      {
        "seed": 43,
        "best_epoch": 15,
        "best_validation_accuracy": 0.6829511465603191,
        "best_validation_loss": 0.641611962648831,
        "macro_f1": 0.6828121022148675,
        "confusion_matrix": [
          [
            332,
            90
          ],
          [
            228,
            353
          ]
        ]
      },
      {
        "seed": 44,
        "best_epoch": 10,
        "best_validation_accuracy": 0.650049850448654,
        "best_validation_loss": 0.6508806383502804,
        "macro_f1": 0.6492465415635071,
        "confusion_matrix": [
          [
            350,
            72
          ],
          [
            279,
            302
          ]
        ]
      }
    ],
    "accuracy": {
      "mean": 0.6756397474243935,
      "std": 0.02282983648467346
    },
    "macro_f1": {
      "mean": 0.6753240069697432,
      "std": 0.023255864372242946
    },
    "best_validation_loss": {
      "mean": 0.6386723649010543,
      "std": 0.013912964769070684
    },
    "best_epoch": {
      "mean": 15.0,
      "std": 5.0
    }
  }
}
