{
  "ma5": {
    "accuracy": {
      "mean": 0.7322802754151478,
      "std": 0.024940954748223047
    },
    "macro_f1": {
      "mean": 0.7262400545680077,
      "std": 0.023647199704979555
    },
    "best_validation_loss": {
      "mean": 0.5531129458019153,
      "std": 0.04461281955061125
    },
    "best_epoch": {
      "mean": 17.333333333333332,
      "std": 2.516611478423583
    },
    "mean_confusion_matrix": [
      [
        240.66666666666666,
        108.33333333333333
      ],
      [
        112,
        362
      ]
    ]
  },
  "ma10": {
    "accuracy": {
      "mean": 0.6685906685906686,
      "std": 0.013013707800354678
    },
    "macro_f1": {
      "mean": 0.6450212550695643,
      "std": 0.023597984970928486
    },
    "best_validation_loss": {
      "mean": 0.6227698553606201,
      "std": 0.021279182519043583
    },
    "best_epoch": {
      "mean": 19.666666666666668,
      "std": 0.5773502691896257
    },
    "mean_confusion_matrix": [
      [
        145.66666666666666,
        155.33333333333334
      ],
      [
        74.33333333333333,
        317.6666666666667
      ]
    ]
  },
  "ma20": {
    "accuracy": {
      "mean": 0.6327800829875518,
      "std": 0.0020746887966804906
    },
    "macro_f1": {
      "mean": 0.5876555042603495,
      "std": 0.009378102950792222
    },
    "best_validation_loss": {
      "mean": 0.7456928175432224,
      "std": 0.019937468281667023
    },
    "best_epoch": {
      "mean": 17.0,
      "std": 3.605551275463989
    },
    "mean_confusion_matrix": [
      [
        73,
        142
      ],
      [
        35,
        232
      ]
    ]
  },
  "ma30": {
    "accuracy": {
      "mean": 0.5930470347648262,
      "std": 0.00468566021979122
    },
    "macro_f1": {
      "mean": 0.5517799287300296,
      "std": 0.0060466462571525876
    },
    "best_validation_loss": {
      "mean": 0.7833937303542116,
      "std": 0.025033791557166993
    },
    "best_epoch": {
      "mean": 18.666666666666668,
      "std": 2.309401076758503
    },
    "mean_confusion_matrix": [
      [
        47.333333333333336,
        108.66666666666667
      ],
      [
        24,
        146
      ]
    ]
  },
  "baseline_interp_mask_deltat": {
    "accuracy": {
      "mean": 0.6792954469923563,
      "std": 0.0066384128798398735
    },
    "macro_f1": {
      "mean": 0.6783040451474892,
      "std": 0.007880488709144488
    },
    "best_validation_loss": {
      "mean": 0.6322116009041732,
      "std": 0.010066167950508761
    },
    "best_epoch": {
      "mean": 16.666666666666668,
      "std": 1.5275252316519468
    }
  }
}
